,BETA0,BETA1,BETA2,BETA3,TAU1,TAU2
0,4.41805645,-1.273505705,5.567297043,-1.647982213,0.359196851,4.996274168
